,model,accuracy,width,depth,resolution,drate,flops,inf,ab,norm
0,B0,77.1,1.0,1.0,224,0.2,390000000,0.1189,44.800000000000004,0.06977671451355662
1,B1,79.1,1.0,1.1,240,0.2,700000000,0.1986,52.800000000000004,0.08223684210526315
2,B2,80.3,1.1,1.2,260,0.3,1000000000,0.2081,102.96,0.1603618421052631
3,B3,81.6,1.2,1.4,300,0.3,1800000000,0.3705,151.2,0.23549641148325354
4,B4,82.9,1.4,1.8,380,0.4,4200000000,1.0017,383.04,0.5965909090909091
5,B5,83.6,1.6,2.2,456,0.4,9900000000,1.9926,642.0480000000001,1.0
